-- phpMyAdmin SQL Dump
-- version 5.2.1
-- https://www.phpmyadmin.net/
--
-- Host: 127.0.0.1
-- Generation Time: Sep 24, 2024 at 06:32 PM
-- Server version: 10.4.32-MariaDB
-- PHP Version: 8.2.12

SET SQL_MODE = "NO_AUTO_VALUE_ON_ZERO";
START TRANSACTION;
SET time_zone = "+00:00";


/*!40101 SET @OLD_CHARACTER_SET_CLIENT=@@CHARACTER_SET_CLIENT */;
/*!40101 SET @OLD_CHARACTER_SET_RESULTS=@@CHARACTER_SET_RESULTS */;
/*!40101 SET @OLD_COLLATION_CONNECTION=@@COLLATION_CONNECTION */;
/*!40101 SET NAMES utf8mb4 */;

--
-- Database: `car-rental`
--

-- --------------------------------------------------------

--
-- Table structure for table `cache`
--

CREATE TABLE `cache` (
  `key` varchar(255) NOT NULL,
  `value` mediumtext NOT NULL,
  `expiration` int(11) NOT NULL
) ENGINE=InnoDB DEFAULT CHARSET=utf8mb4 COLLATE=utf8mb4_unicode_ci;

-- --------------------------------------------------------

--
-- Table structure for table `cache_locks`
--

CREATE TABLE `cache_locks` (
  `key` varchar(255) NOT NULL,
  `owner` varchar(255) NOT NULL,
  `expiration` int(11) NOT NULL
) ENGINE=InnoDB DEFAULT CHARSET=utf8mb4 COLLATE=utf8mb4_unicode_ci;

-- --------------------------------------------------------

--
-- Table structure for table `cars`
--

CREATE TABLE `cars` (
  `id` bigint(20) UNSIGNED NOT NULL,
  `name` varchar(255) NOT NULL,
  `brand` varchar(255) NOT NULL,
  `model` varchar(255) NOT NULL,
  `year` int(11) NOT NULL,
  `car_type` varchar(255) NOT NULL,
  `daily_rent_price` decimal(8,2) NOT NULL,
  `availability` tinyint(1) NOT NULL DEFAULT 1,
  `image` varchar(255) DEFAULT NULL,
  `created_at` timestamp NULL DEFAULT NULL,
  `updated_at` timestamp NULL DEFAULT NULL
) ENGINE=InnoDB DEFAULT CHARSET=utf8mb4 COLLATE=utf8mb4_unicode_ci;

--
-- Dumping data for table `cars`
--

INSERT INTO `cars` (`id`, `name`, `brand`, `model`, `year`, `car_type`, `daily_rent_price`, `availability`, `image`, `created_at`, `updated_at`) VALUES
(1, 'Civic', 'Honda', 'EX', 2022, 'Sedan', 45.00, 1, 'uploads/cars/1727156742.png', '2024-09-23 23:45:43', '2024-09-24 08:52:22'),
(2, 'Grand Cherokee', 'Jeep', 'Limited', 2023, 'SUV', 95.00, 1, 'uploads/cars/1727158498.png', '2024-09-24 00:14:58', '2024-09-24 09:35:01'),
(3, 'Mustang', 'Ford', 'EcoBoost', 2022, 'Coupe', 110.00, 1, 'uploads/cars/1727158637.jpg', '2024-09-24 00:16:35', '2024-09-24 09:55:02'),
(4, 'Toyota Supra', 'Toyota', 'GR 3.0', 2023, 'Sports Car', 200.00, 1, 'uploads/cars/1727158763.png', '2024-09-24 00:19:23', '2024-09-24 09:08:32'),
(5, 'Camry', 'Toyota', 'SE', 2022, 'Sedan', 50.00, 1, 'uploads/cars/1727158922.jpg', '2024-09-24 00:22:02', '2024-09-24 00:22:02'),
(6, 'Rolls Royce Wraith', 'Rolls-Royce', 'Black Badge', 2023, 'Coupe', 1500.00, 1, 'uploads/cars/1727159475.png', '2024-09-24 00:31:15', '2024-09-24 00:31:15');

-- --------------------------------------------------------

--
-- Table structure for table `failed_jobs`
--

CREATE TABLE `failed_jobs` (
  `id` bigint(20) UNSIGNED NOT NULL,
  `uuid` varchar(255) NOT NULL,
  `connection` text NOT NULL,
  `queue` text NOT NULL,
  `payload` longtext NOT NULL,
  `exception` longtext NOT NULL,
  `failed_at` timestamp NOT NULL DEFAULT current_timestamp()
) ENGINE=InnoDB DEFAULT CHARSET=utf8mb4 COLLATE=utf8mb4_unicode_ci;

-- --------------------------------------------------------

--
-- Table structure for table `jobs`
--

CREATE TABLE `jobs` (
  `id` bigint(20) UNSIGNED NOT NULL,
  `queue` varchar(255) NOT NULL,
  `payload` longtext NOT NULL,
  `attempts` tinyint(3) UNSIGNED NOT NULL,
  `reserved_at` int(10) UNSIGNED DEFAULT NULL,
  `available_at` int(10) UNSIGNED NOT NULL,
  `created_at` int(10) UNSIGNED NOT NULL
) ENGINE=InnoDB DEFAULT CHARSET=utf8mb4 COLLATE=utf8mb4_unicode_ci;

-- --------------------------------------------------------

--
-- Table structure for table `job_batches`
--

CREATE TABLE `job_batches` (
  `id` varchar(255) NOT NULL,
  `name` varchar(255) NOT NULL,
  `total_jobs` int(11) NOT NULL,
  `pending_jobs` int(11) NOT NULL,
  `failed_jobs` int(11) NOT NULL,
  `failed_job_ids` longtext NOT NULL,
  `options` mediumtext DEFAULT NULL,
  `cancelled_at` int(11) DEFAULT NULL,
  `created_at` int(11) NOT NULL,
  `finished_at` int(11) DEFAULT NULL
) ENGINE=InnoDB DEFAULT CHARSET=utf8mb4 COLLATE=utf8mb4_unicode_ci;

-- --------------------------------------------------------

--
-- Table structure for table `migrations`
--

CREATE TABLE `migrations` (
  `id` int(10) UNSIGNED NOT NULL,
  `migration` varchar(255) NOT NULL,
  `batch` int(11) NOT NULL
) ENGINE=InnoDB DEFAULT CHARSET=utf8mb4 COLLATE=utf8mb4_unicode_ci;

--
-- Dumping data for table `migrations`
--

INSERT INTO `migrations` (`id`, `migration`, `batch`) VALUES
(1, '0001_01_01_000000_create_users_table', 1),
(2, '0001_01_01_000001_create_cache_table', 1),
(3, '0001_01_01_000002_create_jobs_table', 1),
(4, '2024_09_16_102955_create_cars_table', 1),
(5, '2024_09_16_103427_create_rentals_table', 1);

-- --------------------------------------------------------

--
-- Table structure for table `rentals`
--

CREATE TABLE `rentals` (
  `id` bigint(20) UNSIGNED NOT NULL,
  `user_id` bigint(20) UNSIGNED NOT NULL,
  `car_id` bigint(20) UNSIGNED NOT NULL,
  `start_date` date NOT NULL,
  `end_date` date NOT NULL,
  `total_cost` decimal(8,2) NOT NULL,
  `status` enum('Ongoing','Completed','Canceled') NOT NULL DEFAULT 'Ongoing',
  `created_at` timestamp NULL DEFAULT NULL,
  `updated_at` timestamp NULL DEFAULT NULL
) ENGINE=InnoDB DEFAULT CHARSET=utf8mb4 COLLATE=utf8mb4_unicode_ci;

--
-- Dumping data for table `rentals`
--

INSERT INTO `rentals` (`id`, `user_id`, `car_id`, `start_date`, `end_date`, `total_cost`, `status`, `created_at`, `updated_at`) VALUES
(2, 3, 1, '2024-09-25', '2024-09-26', 90.00, 'Completed', '2024-09-23 23:52:17', '2024-09-24 00:24:24'),
(3, 2, 1, '2024-09-25', '2024-09-26', 90.00, 'Canceled', '2024-09-24 00:05:18', '2024-09-24 00:07:21'),
(4, 2, 1, '2024-09-24', '2024-09-25', 90.00, 'Canceled', '2024-09-24 00:07:57', '2024-09-24 00:10:15'),
(7, 2, 4, '2024-09-24', '2024-09-26', 600.00, 'Ongoing', '2024-09-24 09:01:07', '2024-09-24 09:01:07'),
(9, 2, 2, '2024-09-25', '2024-09-27', 285.00, 'Canceled', '2024-09-24 09:34:31', '2024-09-24 09:35:01'),
(11, 2, 3, '2024-09-25', '2024-09-27', 330.00, 'Canceled', '2024-09-24 09:39:20', '2024-09-24 09:39:58'),
(13, 2, 3, '2024-09-25', '2024-09-26', 220.00, 'Canceled', '2024-09-24 09:54:20', '2024-09-24 09:55:02');

-- --------------------------------------------------------

--
-- Table structure for table `sessions`
--

CREATE TABLE `sessions` (
  `id` varchar(255) NOT NULL,
  `user_id` bigint(20) UNSIGNED DEFAULT NULL,
  `ip_address` varchar(45) DEFAULT NULL,
  `user_agent` text DEFAULT NULL,
  `payload` longtext NOT NULL,
  `last_activity` int(11) NOT NULL
) ENGINE=InnoDB DEFAULT CHARSET=utf8mb4 COLLATE=utf8mb4_unicode_ci;

--
-- Dumping data for table `sessions`
--

INSERT INTO `sessions` (`id`, `user_id`, `ip_address`, `user_agent`, `payload`, `last_activity`) VALUES
('zrCAEB73mjkaKCwSvwOrRoMP2YfmSW8eRBOvRoYM', NULL, '127.0.0.1', 'Mozilla/5.0 (Windows NT 10.0; Win64; x64) AppleWebKit/537.36 (KHTML, like Gecko) Chrome/129.0.0.0 Safari/537.36', 'YTozOntzOjY6Il90b2tlbiI7czo0MDoiS2JLOHFiRlA0QXFwVEhxRXhGMlVZOGtud3NRRUJtTmdwM3dKQllDYyI7czo5OiJfcHJldmlvdXMiO2E6MTp7czozOiJ1cmwiO3M6MzI6Imh0dHA6Ly8xMjcuMC4wLjE6ODAwMC91c2VyLWNoZWNrIjt9czo2OiJfZmxhc2giO2E6Mjp7czozOiJvbGQiO2E6MDp7fXM6MzoibmV3IjthOjA6e319fQ==', 1727194958);

-- --------------------------------------------------------

--
-- Table structure for table `users`
--

CREATE TABLE `users` (
  `id` bigint(20) UNSIGNED NOT NULL,
  `name` varchar(255) NOT NULL,
  `email` varchar(255) NOT NULL,
  `phone` varchar(255) NOT NULL,
  `address` varchar(255) NOT NULL,
  `password` varchar(255) NOT NULL,
  `role` varchar(255) NOT NULL DEFAULT 'customer',
  `created_at` timestamp NULL DEFAULT NULL,
  `updated_at` timestamp NULL DEFAULT NULL
) ENGINE=InnoDB DEFAULT CHARSET=utf8mb4 COLLATE=utf8mb4_unicode_ci;

--
-- Dumping data for table `users`
--

INSERT INTO `users` (`id`, `name`, `email`, `phone`, `address`, `password`, `role`, `created_at`, `updated_at`) VALUES
(1, 'Admin', 'samrat2880@gmail.com', '01887573015', 'Kushtia, Bangladesh', '12345678', 'admin', '2024-09-23 22:48:51', '2024-09-23 22:48:51'),
(2, 'samrat update', 'www.samrat87573015@gmail.com', '6546466541', 'Dhaka', 'password', 'customer', '2024-09-23 23:06:27', '2024-09-23 23:34:11'),
(3, 'samrat', 'admin@gmail.com', '1887573016', 'kusta', '123456', 'customer', '2024-09-23 23:14:24', '2024-09-23 23:14:24'),
(16, 'Hasibur rahman samrat', 'samrat2jj880@gmail.com', '1887573015', 'sheikhpura shailkupa jhenaidah', '12345678', 'customer', '2024-09-24 09:52:24', '2024-09-24 09:52:24');

--
-- Indexes for dumped tables
--

--
-- Indexes for table `cache`
--
ALTER TABLE `cache`
  ADD PRIMARY KEY (`key`);

--
-- Indexes for table `cache_locks`
--
ALTER TABLE `cache_locks`
  ADD PRIMARY KEY (`key`);

--
-- Indexes for table `cars`
--
ALTER TABLE `cars`
  ADD PRIMARY KEY (`id`);

--
-- Indexes for table `failed_jobs`
--
ALTER TABLE `failed_jobs`
  ADD PRIMARY KEY (`id`),
  ADD UNIQUE KEY `failed_jobs_uuid_unique` (`uuid`);

--
-- Indexes for table `jobs`
--
ALTER TABLE `jobs`
  ADD PRIMARY KEY (`id`),
  ADD KEY `jobs_queue_index` (`queue`);

--
-- Indexes for table `job_batches`
--
ALTER TABLE `job_batches`
  ADD PRIMARY KEY (`id`);

--
-- Indexes for table `migrations`
--
ALTER TABLE `migrations`
  ADD PRIMARY KEY (`id`);

--
-- Indexes for table `rentals`
--
ALTER TABLE `rentals`
  ADD PRIMARY KEY (`id`),
  ADD KEY `rentals_user_id_foreign` (`user_id`),
  ADD KEY `rentals_car_id_foreign` (`car_id`);

--
-- Indexes for table `sessions`
--
ALTER TABLE `sessions`
  ADD PRIMARY KEY (`id`),
  ADD KEY `sessions_user_id_index` (`user_id`),
  ADD KEY `sessions_last_activity_index` (`last_activity`);

--
-- Indexes for table `users`
--
ALTER TABLE `users`
  ADD PRIMARY KEY (`id`),
  ADD UNIQUE KEY `users_email_unique` (`email`);

--
-- AUTO_INCREMENT for dumped tables
--

--
-- AUTO_INCREMENT for table `cars`
--
ALTER TABLE `cars`
  MODIFY `id` bigint(20) UNSIGNED NOT NULL AUTO_INCREMENT, AUTO_INCREMENT=15;

--
-- AUTO_INCREMENT for table `failed_jobs`
--
ALTER TABLE `failed_jobs`
  MODIFY `id` bigint(20) UNSIGNED NOT NULL AUTO_INCREMENT;

--
-- AUTO_INCREMENT for table `jobs`
--
ALTER TABLE `jobs`
  MODIFY `id` bigint(20) UNSIGNED NOT NULL AUTO_INCREMENT;

--
-- AUTO_INCREMENT for table `migrations`
--
ALTER TABLE `migrations`
  MODIFY `id` int(10) UNSIGNED NOT NULL AUTO_INCREMENT, AUTO_INCREMENT=6;

--
-- AUTO_INCREMENT for table `rentals`
--
ALTER TABLE `rentals`
  MODIFY `id` bigint(20) UNSIGNED NOT NULL AUTO_INCREMENT, AUTO_INCREMENT=14;

--
-- AUTO_INCREMENT for table `users`
--
ALTER TABLE `users`
  MODIFY `id` bigint(20) UNSIGNED NOT NULL AUTO_INCREMENT, AUTO_INCREMENT=17;

--
-- Constraints for dumped tables
--

--
-- Constraints for table `rentals`
--
ALTER TABLE `rentals`
  ADD CONSTRAINT `rentals_car_id_foreign` FOREIGN KEY (`car_id`) REFERENCES `cars` (`id`) ON UPDATE CASCADE,
  ADD CONSTRAINT `rentals_user_id_foreign` FOREIGN KEY (`user_id`) REFERENCES `users` (`id`) ON UPDATE CASCADE;
COMMIT;

/*!40101 SET CHARACTER_SET_CLIENT=@OLD_CHARACTER_SET_CLIENT */;
/*!40101 SET CHARACTER_SET_RESULTS=@OLD_CHARACTER_SET_RESULTS */;
/*!40101 SET COLLATION_CONNECTION=@OLD_COLLATION_CONNECTION */;
